symbol,USD_price,BTC_price,market_cap,volume_24h,mcap_share,vol_share
ZEC,1372.2961236038382,0.015911183163250225,23196595401.848854,981644861.5333796,0.654551883838363,0.7925754561051956
XMR,557.8250941926068,0.006467741979367528,10494949899.150179,128712300.41463126,0.2961421324239015,0.10392170753904209
DASH,57.16049803795431,0.000662751383131541,734664588.01766,105359576.1360181,0.02073045986903607,0.08506682750889655
BDX,0.0747417014237186,8.665978725952151e-07,588297729.1638966,2633580.0448957,0.01660034070566097,0.0021263401735860613
BEAM,0.002505355726847466,2.9048521797381276e-08,128525211.49390814,13645928.59133694,0.00362667097678293,0.011017658728802953
ZANO,5.339847533878329,6.1913234843397e-05,82472421.8624448,1201743.4802775,0.002327172507844528,0.0009702820483515537
ROSE,0.008406344624650626,9.746794934096391e-08,67604429.64454487,2642832.71829045,0.001907633685593705,0.0021338107386787986
ARRR,0.30952583551013707,3.588818898378e-06,60733239.755451724,63768.45589997,0.0017137453063637703,5.14863521427644e-05
XVG,0.003136561436194972,3.6367080439624284e-08,51822115.09389723,1810246.42689469,0.00146229489593526,0.0014615844728384723
FIRO,1.0709299667962384,1.2416972228967e-05,20458732.35069594,130962.6419837,0.0005772960026722522,0.00010573862276509555
PIVX,0.06229155127392474,7.222437379182852e-07,6665683.717518528,533708.29614134,0.0001880894915304987,0.00043091357456972307
SCRT,0.008932150480285455,1.035644420245871e-07,6105423.310228325,171160.43854177,0.00017228029631547067,0.00013819413512999458
